{"cameraMode":{"drawMode":0,"name":"Shaded","section":"Shading Mode"},"sceneLighting":true,"audioPlay":false,"sceneViewState":{"showFog":true,"showMaterialUpdate":false,"showSkybox":true,"showFlares":true,"showImageEffects":true,"showParticleSystems":true},"in2DMode":false,"pivot":{"x":-11.894912719726563,"y":1.2721710205078126,"z":19.27311134338379},"rotation":{"x":0.08094275742769242,"y":-0.9174495339393616,"z":0.3023150563240051,"w":0.24564231932163239},"size":21.746658325195314,"orthographic":false}