{"cameraMode":{"drawMode":0,"name":"Shaded","section":"Shading Mode"},"sceneLighting":true,"audioPlay":false,"sceneViewState":{"showFog":true,"showMaterialUpdate":false,"showSkybox":true,"showFlares":true,"showImageEffects":true,"showParticleSystems":true},"in2DMode":false,"pivot":{"x":-33.816402435302737,"y":-6.804563522338867,"z":5.301347732543945},"rotation":{"x":0.1074938178062439,"y":-0.8665586709976196,"z":0.21234820783138276,"w":0.43866780400276186},"size":27.62950897216797,"orthographic":false}